{
  "results": [
    {
      "command": "./zig-out/bin/tokenizer_bench",
      "mean": 0.4271423425,
      "stddev": 0.01514926367784348,
      "median": 0.42354723400000005,
      "user": 0.08276041999999999,
      "system": 0.33654690000000004,
      "min": 0.40817575500000003,
      "max": 0.453711463,
      "times": [
        0.453711463,
        0.426553588,
        0.42249121300000003,
        0.418973088,
        0.40817575500000003,
        0.424603255,
        0.452700547,
        0.418595922,
        0.431202005,
        0.414416589
      ],
      "memory_usage_byte": [
        2686976,
        2686976,
        2686976,
        2686976,
        2686976,
        2686976,
        2686976,
        2686976,
        2686976,
        2686976
      ],
      "exit_codes": [
        0,
        0,
        0,
        0,
        0,
        0,
        0,
        0,
        0,
        0
      ]
    },
    {
      "command": "./benchmark_rust/./target/release/bench",
      "mean": 0.5100631258,
      "stddev": 0.004666442807086162,
      "median": 0.5092585465,
      "user": 0.5464640199999999,
      "system": 0.0939259,
      "min": 0.502306255,
      "max": 0.517238505,
      "times": [
        0.50984938,
        0.5083447130000001,
        0.508667713,
        0.512609964,
        0.513241797,
        0.505270713,
        0.507344297,
        0.517238505,
        0.502306255,
        0.5157579210000001
      ],
      "memory_usage_byte": [
        3325952,
        3325952,
        3325952,
        3325952,
        3325952,
        3325952,
        3325952,
        3325952,
        3325952,
        3325952
      ],
      "exit_codes": [
        0,
        0,
        0,
        0,
        0,
        0,
        0,
        0,
        0,
        0
      ]
    }
  ]
}
