{
  "results": [
    {
      "command": "./zig-out/bin/tokenizer_bench",
      "mean": 5.387138995039999,
      "stddev": 0.16671972078856465,
      "median": 5.415956953639999,
      "user": 1.75203466,
      "system": 3.57001484,
      "min": 5.14334564014,
      "max": 5.656377432139999,
      "times": [
        5.14334564014,
        5.1526168081399994,
        5.464046682139999,
        5.656377432139999,
        5.41806584914,
        5.53950355814,
        5.23083484914,
        5.37675497414,
        5.413848058139999,
        5.47599609914
      ],
      "memory_usage_byte": [
        2310144,
        2310144,
        2310144,
        2310144,
        2310144,
        2310144,
        2310144,
        2310144,
        2310144,
        2310144
      ],
      "exit_codes": [
        0,
        0,
        0,
        0,
        0,
        0,
        0,
        0,
        0,
        0
      ]
    },
    {
      "command": "./benchmark_rust/./target/release/bench",
      "mean": 0.23358649094,
      "stddev": 0.0024958529998473614,
      "median": 0.23322168264,
      "user": 0.23574595999999998,
      "system": 0.017207840000000002,
      "min": 0.22978339114000002,
      "max": 0.23869851614,
      "times": [
        0.23417614014000002,
        0.23869851614,
        0.23246084914,
        0.23311826614,
        0.23332509914000002,
        0.22978339114000002,
        0.23165655714,
        0.23655576614,
        0.23351289114,
        0.23257743314
      ],
      "memory_usage_byte": [
        2506752,
        2506752,
        2506752,
        2506752,
        2506752,
        2506752,
        2506752,
        2506752,
        2506752,
        2506752
      ],
      "exit_codes": [
        0,
        0,
        0,
        0,
        0,
        0,
        0,
        0,
        0,
        0
      ]
    }
  ]
}
